{
  "prophet_forecasts": {
    "Pahang": {
      "current": 80.7,
      "apr_2024": 89.40967711207317,
      "jul_2024": 98.31290290621949,
      "trend": "\u2197\ufe0f"
    },
    "Sabah": {
      "current": 78.9,
      "apr_2024": 80.511138046875,
      "jul_2024": 82.14164494442461,
      "trend": "\u2197\ufe0f"
    },
    "Sarawak": {
      "current": 80.3,
      "apr_2024": 80.9047999127494,
      "jul_2024": 81.49137069457112,
      "trend": "\u2197\ufe0f"
    },
    "Terengganu": {
      "current": 70.5,
      "apr_2024": 76.59677361192682,
      "jul_2024": 82.82903148382925,
      "trend": "\u2197\ufe0f"
    }
  },
  "national_current": 56.4
}