scenario,enforcement_operations,total_cost_rm,seized_packs,seized_value_rm,recovered_tax_rm,total_benefits_rm,roi_pct,market_reduction_pct
Current_Level,50,2500000,5630695312.5,45045562500.0,67568343750.0,112613906250.0,4504456.25,750.0000000000001
Increased_Enforcement,100,5000000,13513668750.000002,108109350000.00002,162164025000.00003,270273375000.00006,5405367.500000001,1800.0000000000007
High_Intensity,200,10000000,33784171875.0,270273375000.0,405410062500.0,675683437500.0,6756734.375,4500.000000000001
Targeted_Operations,75,3750000,16892085937.500002,135136687500.00002,202705031250.00003,337841718750.00006,9009012.500000002,2250.000000000001
