{
  "total_annual_packs": 1368750000.0,
  "legal_packs": 617990625.0000001,
  "illegal_packs": 750759374.9999999,
  "legal_market_value_rm": 10505840625.000002,
  "illegal_market_value_rm": 6006074999.999999,
  "tax_revenue_loss_rm": 9009112499.999998,
  "avg_illegal_incidence_pct": 54.84999999999999
}